{
    "name": "root",
    "gauges": {
        "ChickenMovement.Policy.Entropy.mean": {
            "value": 0.11767401546239853,
            "min": 0.11222051829099655,
            "max": 1.3611507415771484,
            "count": 62
        },
        "ChickenMovement.Environment.EpisodeLength.mean": {
            "value": 73.4313432835821,
            "min": 42.54726799653079,
            "max": 73.4313432835821,
            "count": 62
        },
        "ChickenMovement.Policy.ExtrinsicValueEstimate.mean": {
            "value": 8.31222915649414,
            "min": 0.23868969082832336,
            "max": 8.31222915649414,
            "count": 62
        },
        "ChickenMovement.Environment.CumulativeReward.mean": {
            "value": 14.668744654448655,
            "min": 2.3188503635318836,
            "max": 14.668744654448655,
            "count": 62
        },
        "ChickenMovement.Policy.ExtrinsicReward.mean": {
            "value": 14.668744654448655,
            "min": 2.3188503635318836,
            "max": 14.668744654448655,
            "count": 62
        },
        "ChickenMovement.Losses.PolicyLoss.mean": {
            "value": 0.0275593629727761,
            "min": 0.020581766720861195,
            "max": 0.027928695178901158,
            "count": 62
        },
        "ChickenMovement.Losses.ValueLoss.mean": {
            "value": 6.1189872384071355,
            "min": 0.5896371444066365,
            "max": 6.626480906804403,
            "count": 62
        },
        "ChickenMovement.Policy.LearningRate.mean": {
            "value": 0.00020776890824370748,
            "min": 0.00020776890824370748,
            "max": 0.0002992290752569749,
            "count": 62
        },
        "ChickenMovement.Policy.Epsilon.mean": {
            "value": 0.16925629250000002,
            "min": 0.16925629250000002,
            "max": 0.19974302500000002,
            "count": 62
        },
        "ChickenMovement.Policy.Beta.mean": {
            "value": 0.003465888995750001,
            "min": 0.003465888995750001,
            "max": 0.004987176947500001,
            "count": 62
        },
        "ChickenMovement.IsTraining.mean": {
            "value": 1.0,
            "min": 1.0,
            "max": 1.0,
            "count": 62
        }
    },
    "metadata": {
        "timer_format_version": "0.1.0",
        "start_time_seconds": "1616508529",
        "python_version": "3.7.9 (default, Aug 31 2020, 17:10:11) [MSC v.1916 64 bit (AMD64)]",
        "command_line_arguments": "C:\\Users\\Neel\\anaconda3\\envs\\ml-agents\\Scripts\\mlagents-learn config/CrossyRoad.yaml --run-id training2 --force",
        "mlagents_version": "0.23.0",
        "mlagents_envs_version": "0.23.0",
        "communication_protocol_version": "1.3.0",
        "pytorch_version": "1.7.0+cu110",
        "numpy_version": "1.18.5",
        "end_time_seconds": "1616510993"
    },
    "total": 2463.9444958999998,
    "count": 1,
    "self": 0.0081675999995241,
    "children": {
        "run_training.setup": {
            "total": 0.024206700000000136,
            "count": 1,
            "self": 0.024206700000000136
        },
        "TrainerController.start_learning": {
            "total": 2463.9121216000003,
            "count": 1,
            "self": 2.1655649000254016,
            "children": {
                "TrainerController._reset_env": {
                    "total": 13.955549,
                    "count": 1,
                    "self": 13.955549
                },
                "TrainerController.advance": {
                    "total": 2447.650675599976,
                    "count": 58007,
                    "self": 1.2256187999855683,
                    "children": {
                        "env_step": {
                            "total": 2446.42505679999,
                            "count": 58007,
                            "self": 2190.252025700009,
                            "children": {
                                "SubprocessEnvManager._take_step": {
                                    "total": 255.1562185000133,
                                    "count": 58007,
                                    "self": 6.45673730001684,
                                    "children": {
                                        "TorchPolicy.evaluate": {
                                            "total": 248.69948119999646,
                                            "count": 25917,
                                            "self": 95.86585769998621,
                                            "children": {
                                                "TorchPolicy.sample_actions": {
                                                    "total": 152.83362350001025,
                                                    "count": 25917,
                                                    "self": 152.83362350001025
                                                }
                                            }
                                        }
                                    }
                                },
                                "workers": {
                                    "total": 1.0168125999678281,
                                    "count": 58006,
                                    "self": 0.0,
                                    "children": {
                                        "worker_root": {
                                            "total": 2449.3972705000015,
                                            "count": 58006,
                                            "is_parallel": true,
                                            "self": 682.599979299999,
                                            "children": {
                                                "steps_from_proto": {
                                                    "total": 0.0038657999999998083,
                                                    "count": 1,
                                                    "is_parallel": true,
                                                    "self": 0.0005293999999995691,
                                                    "children": {
                                                        "_process_vector_observation": {
                                                            "total": 0.003336400000000239,
                                                            "count": 4,
                                                            "is_parallel": true,
                                                            "self": 0.003336400000000239
                                                        }
                                                    }
                                                },
                                                "UnityEnvironment.step": {
                                                    "total": 1766.7934254000024,
                                                    "count": 58006,
                                                    "is_parallel": true,
                                                    "self": 32.45421179991399,
                                                    "children": {
                                                        "UnityEnvironment._generate_step_input": {
                                                            "total": 54.26181950000436,
                                                            "count": 58006,
                                                            "is_parallel": true,
                                                            "self": 54.26181950000436
                                                        },
                                                        "communicator.exchange": {
                                                            "total": 1560.2062464000633,
                                                            "count": 58006,