{"cameraMode":{"drawMode":0,"name":"Shaded","section":"Shading Mode"},"sceneLighting":true,"audioPlay":false,"sceneViewState":{"showFog":true,"showMaterialUpdate":false,"showSkybox":true,"showFlares":true,"showImageEffects":true,"showParticleSystems":true,"showVisualEffectGraphs":true,"m_FxEnabled":true},"in2DMode":false,"pivot":{"x":-0.5809465646743774,"y":2.4233758449554445,"z":-13.0900239944458},"rotation":{"x":-0.17047341167926789,"y":0.0005878505180589855,"z":-0.00010146020940737799,"w":-0.9853657484054565},"size":6.686025142669678,"orthographic":false}