{"cameraMode":{"drawMode":0,"name":"Shaded","section":"Shading Mode"},"sceneLighting":true,"audioPlay":false,"sceneViewState":{"showFog":true,"showMaterialUpdate":false,"showSkybox":true,"showFlares":true,"showImageEffects":true,"showParticleSystems":true,"showVisualEffectGraphs":true,"m_FxEnabled":true},"in2DMode":false,"pivot":{"x":0.13993698358535767,"y":2.387655735015869,"z":-1.2967197895050049},"rotation":{"x":-0.13340899348258973,"y":-0.005354708060622215,"z":0.0007208706228993833,"w":-0.991048276424408},"size":6.8786725997924809,"orthographic":false}