{"cameraMode":{"drawMode":0,"name":"Shaded","section":"Shading Mode"},"sceneLighting":true,"audioPlay":false,"sceneViewState":{"showFog":true,"showMaterialUpdate":false,"showSkybox":true,"showFlares":true,"showImageEffects":true,"showParticleSystems":true,"showVisualEffectGraphs":true,"m_FxEnabled":true},"in2DMode":false,"pivot":{"x":1.5231996774673463,"y":-0.014444887638092041,"z":-1.9704372882843018},"rotation":{"x":-0.13340899348258973,"y":-0.005354708060622215,"z":0.0007208706228993833,"w":-0.991048276424408},"size":6.713684558868408,"orthographic":false}