{"cameraMode":{"drawMode":0,"name":"Shaded","section":"Shading Mode"},"sceneLighting":true,"audioPlay":false,"sceneViewState":{"showFog":true,"showMaterialUpdate":false,"showSkybox":true,"showFlares":true,"showImageEffects":true,"showParticleSystems":true,"showVisualEffectGraphs":true,"m_FxEnabled":true},"in2DMode":false,"pivot":{"x":0.9456288814544678,"y":3.06149959564209,"z":-1.9870080947875977},"rotation":{"x":-0.04828857630491257,"y":-0.00989146064966917,"z":0.0004781555326189846,"w":-0.9987870454788208},"size":4.441061019897461,"orthographic":false}