{
    "name": "root",
    "gauges": {
        "MovementBehavior.Policy.Entropy.mean": {
            "value": 1.5252737998962402,
            "min": 1.520964503288269,
            "max": 1.5252737998962402,
            "count": 5
        },
        "MovementBehavior.Environment.EpisodeLength.mean": {
            "value": 16.56892932120364,
            "min": 15.353104726598703,
            "max": 16.56892932120364,
            "count": 5
        },
        "MovementBehavior.Policy.ExtrinsicValueEstimate.mean": {
            "value": 0.8904166221618652,
            "min": 0.8871147036552429,
            "max": 0.8967370986938477,
            "count": 5
        },
        "MovementBehavior.Environment.CumulativeReward.mean": {
            "value": 0.9565112035202763,
            "min": 0.9557340793992674,
            "max": 0.9602272362143344,
            "count": 5
        },
        "MovementBehavior.Policy.ExtrinsicReward.mean": {
            "value": 0.9565112035202763,
            "min": 0.9557340793992674,
            "max": 0.9602272362143344,
            "count": 5
        },
        "MovementBehavior.Losses.PolicyLoss.mean": {
            "value": 0.024399565397761766,
            "min": 0.02320820609262834,
            "max": 0.02838610048716267,
            "count": 5
        },
        "MovementBehavior.Losses.ValueLoss.mean": {
            "value": 0.0017342085496056825,
            "min": 0.0012729569247716833,
            "max": 0.0017342085496056825,
            "count": 5
        },
        "MovementBehavior.Policy.LearningRate.mean": {
            "value": 0.00019329387556872005,
            "min": 0.00019329387556872005,
            "max": 0.0002073225308925,
            "count": 5
        },
        "MovementBehavior.Policy.Epsilon.mean": {
            "value": 0.16443128,
            "min": 0.16443128,
            "max": 0.1691075,
            "count": 5
        },
        "MovementBehavior.Policy.Beta.mean": {
            "value": 0.003225120872,
            "min": 0.003225120872,
            "max": 0.003458464250000001,
            "count": 5
        },
        "MovementBehavior.IsTraining.mean": {
            "value": 1.0,
            "min": 1.0,
            "max": 1.0,
            "count": 5
        }
    },
    "metadata": {
        "timer_format_version": "0.1.0",
        "start_time_seconds": "1614613803",
        "python_version": "3.7.9 (default, Aug 31 2020, 17:10:11) [MSC v.1916 64 bit (AMD64)]",
        "command_line_arguments": "C:\\Users\\Neel\\anaconda3\\envs\\ml-agents\\Scripts\\mlagents-learn config/MyConfig.yaml --resume",
        "mlagents_version": "0.23.0",
        "mlagents_envs_version": "0.23.0",
        "communication_protocol_version": "1.3.0",
        "pytorch_version": "1.7.0+cu110",
        "numpy_version": "1.18.5",
        "end_time_seconds": "1614613926"
    },
    "total": 122.9580099,
    "count": 1,
    "self": 0.00886579999998105,
    "children": {
        "run_training.setup": {
            "total": 0.014628899999999945,
            "count": 1,
            "self": 0.014628899999999945
        },
        "TrainerController.start_learning": {
            "total": 122.9345152,
            "count": 1,
            "self": 0.3236717000001761,
            "children": {
                "TrainerController._reset_env": {
                    "total": 6.0889591,
                    "count": 1,
                    "self": 6.0889591
                },
                "TrainerController.advance": {
                    "total": 116.37339909999983,
                    "count": 8694,
                    "self": 0.15321389999937196,
                    "children": {
                        "env_step": {
                            "total": 116.22018520000046,
                            "count": 8694,
                            "self": 107.90960620000111,
                            "children": {
                                "SubprocessEnvManager._take_step": {
                                    "total": 8.179604799999545,
                                    "count": 8694,
                                    "self": 0.38428119999988386,
                                    "children": {
                                        "TorchPolicy.evaluate": {
                                            "total": 7.795323599999661,
                                            "count": 2177,
                                            "self": 2.247382899999633,
                                            "children": {
                                                "TorchPolicy.sample_actions": {
                                                    "total": 5.547940700000028,
                                                    "count": 2177,
                                                    "self": 5.547940700000028
                                                }
                                            }
                                        }
                                    }
                                },
                                "workers": {
                                    "total": 0.13097419999979998,
                                    "count": 8693,
                                    "self": 0.0,
                                    "children": {
                                        "worker_root": {
                                            "total": 117.75569360000054,
                                            "count": 8693,
                                            "is_parallel": true,
                                            "self": 65.09300370000044,
                                            "children": {
                                                "steps_from_proto": {
                                                    "total": 0.0010224999999994822,
                                                    "count": 1,
                                                    "is_parallel": true,
                                                    "self": 0.00017049999999940724,
                                                    "children": {
                                                        "_process_vector_observation": {
                                                            "total": 0.0008520000000000749,
                                                            "count": 2,
                                                            "is_parallel": true,
                                                            "self": 0.0008520000000000749
                                                        }
                                                    }
                                                },
                                                "UnityEnvironment.step": {
                                                    "total": 52.661667400000105,
                                                    "count": 8693,
                                                    "is_parallel": true,
                                                    "self": 1.8030533000016291,
                                                    "children": {
                                                        "UnityEnvironment._generate_step_input": {
                                                            "total": 3.493859299999171,
                                                            "count": 8693,
                                                            "is_parallel": true,
                                                            "self": 3.493859299999171
                                                        },
                                                        "communicator.exchange": {
                                                            "total": 43.40427699999954,
                                                            "count": 8693,
                                                            "is_parallel": true,