{
    "name": "root",
    "metadata": {
        "timer_format_version": "0.1.0",
        "start_time_seconds": "1612453887",
        "python_version": "3.7.9 (default, Aug 31 2020, 17:10:11) [MSC v.1916 64 bit (AMD64)]",
        "command_line_arguments": "C:\\Users\\Neel\\anaconda3\\envs\\ml-agents\\Scripts\\mlagents-learn --force",
        "mlagents_version": "0.23.0",
        "mlagents_envs_version": "0.23.0",
        "communication_protocol_version": "1.3.0",
        "pytorch_version": "1.7.0+cu110",
        "numpy_version": "1.18.5",
        "end_time_seconds": "1612453935"
    },
    "total": 47.691315,
    "count": 1,
    "self": 0.00531310000000218,
    "children": {
        "run_training.setup": {
            "total": 0.012869099999999856,
            "count": 1,
            "self": 0.012869099999999856
        },
        "TrainerController.start_learning": {
            "total": 47.6731328,
            "count": 1,
            "self": 0.11109490000001898,
            "children": {
                "TrainerController._reset_env": {
                    "total": 8.1861221,
                    "count": 1,
                    "self": 8.1861221
                },
                "TrainerController.advance": {
                    "total": 39.23001059999998,
                    "count": 3897,
                    "self": 0.05747689999991934,
                    "children": {
                        "env_step": {
                            "total": 39.17253370000006,
                            "count": 3897,
                            "self": 31.12705380000023,
                            "children": {
                                "SubprocessEnvManager._take_step": {
                                    "total": 7.9948766999998835,
                                    "count": 3897,
                                    "self": 0.3176970999997888,
                                    "children": {
                                        "TorchPolicy.evaluate": {
                                            "total": 7.677179600000095,
                                            "count": 3897,
                                            "self": 3.199397499999984,
                                            "children": {
                                                "TorchPolicy.sample_actions": {
                                                    "total": 4.477782100000111,
                                                    "count": 3897,
                                                    "self": 4.477782100000111
                                                }
                                            }
                                        }
                                    }
                                },
                                "workers": {
                                    "total": 0.050603199999946114,
                                    "count": 3896,
                                    "self": 0.0,
                                    "children": {
                                        "worker_root": {
                                            "total": 40.71551729999989,
                                            "count": 3896,
                                            "is_parallel": true,
                                            "self": 13.603713100000089,
                                            "children": {
                                                "steps_from_proto": {
                                                    "total": 0.0002661000000001579,
                                                    "count": 1,
                                                    "is_parallel": true,
                                                    "self": 7.49999999998252e-05,
                                                    "children": {
                                                        "_process_vector_observation": {
                                                            "total": 0.00019110000000033267,
                                                            "count": 2,
                                                            "is_parallel": true,
                                                            "self": 0.00019110000000033267
                                                        }
                                                    }
                                                },
                                                "UnityEnvironment.step": {
                                                    "total": 27.111538099999798,
                                                    "count": 3896,
                                                    "is_parallel": true,
                                                    "self": 0.3961155999995931,
                                                    "children": {
                                                        "UnityEnvironment._generate_step_input": {
                                                            "total": 0.3490048000001238,
                                                            "count": 3896,
                                                            "is_parallel": true,
                                                            "self": 0.3490048000001238
                                                        },
                                                        "communicator.exchange": {
                                                            "total": 25.584191100000034,
                                                            "count": 3896,
                                                            "is_parallel": true,
                                                            "self": 25.584191100000034
                                                        },
                                                        "steps_from_proto": {
                                                            "total": 0.7822266000000475,
                                                            "count": 3896,
                                                            "is_parallel": true,
                                                            "self": 0.31415889999971824,
                                                            "children": {
                                                                "_process_vector_observation": {
                                                                    "total": 0.46806770000032927,
                                                                    "count": 7792,
                                                                    "is_parallel": true,
                                                                    "self": 0.46806770000032927
                                                                }
                                                            }
                                                        }
                                                    }
                                                }
                                            }
                                        }
                                    }
                                }
                            }
                        }
                    }
                },
                "trainer_threads": {
                    "total": 2.0499999997980467e-05,
                    "count": 1,
                    "self": 2.0499999997980467e-05,
                    "children": {
                        "thread_root": {
                            "total": 0.0,
                            "count": 0,
                            "is_parallel": true,
                            "self": 0.0,
                            "children": {
                                "trainer_advance": {
                                    "total": 38.922872799999666,
                                    "count": 19537,