{
    "name": "root",
    "gauges": {
        "MovementBehavior.Policy.Entropy.mean": {
            "value": 1.4384316205978394,
            "min": 1.4313511848449707,
            "max": 1.4384316205978394,
            "count": 2
        },
        "MovementBehavior.Environment.EpisodeLength.mean": {
            "value": 15.828365542089747,
            "min": 15.828365542089747,
            "max": 18.04433497536946,
            "count": 2
        },
        "MovementBehavior.Policy.ExtrinsicValueEstimate.mean": {
            "value": 0.7680059671401978,
            "min": 0.6871907114982605,
            "max": 0.7680059671401978,
            "count": 2
        },
        "MovementBehavior.Environment.CumulativeReward.mean": {
            "value": 0.923999844995348,
            "min": 0.9104265758133706,
            "max": 0.923999844995348,
            "count": 2
        },
        "MovementBehavior.Policy.ExtrinsicReward.mean": {
            "value": 0.923999844995348,
            "min": 0.9104265758133706,
            "max": 0.923999844995348,
            "count": 2
        },
        "MovementBehavior.Losses.PolicyLoss.mean": {
            "value": 0.023511719362189373,
            "min": 0.023511719362189373,
            "max": 0.02390231676917109,
            "count": 2
        },
        "MovementBehavior.Losses.ValueLoss.mean": {
            "value": 0.021441564670143024,
            "min": 0.021441564670143024,
            "max": 0.02681241724640131,
            "count": 2
        },
        "MovementBehavior.Policy.LearningRate.mean": {
            "value": 0.00027942956935681244,
            "min": 0.00027942956935681244,
            "max": 0.00028217308094230834,
            "count": 2
        },
        "MovementBehavior.Policy.Epsilon.mean": {
            "value": 0.19314318749999998,
            "min": 0.19314318749999998,
            "max": 0.19405769166666675,
            "count": 2
        },
        "MovementBehavior.Policy.Beta.mean": {
            "value": 0.00465784505625,
            "min": 0.00465784505625,
            "max": 0.004703478814166668,
            "count": 2
        },
        "MovementBehavior.IsTraining.mean": {
            "value": 1.0,
            "min": 1.0,
            "max": 1.0,
            "count": 2
        }
    },
    "metadata": {
        "timer_format_version": "0.1.0",
        "start_time_seconds": "1613748591",
        "python_version": "3.7.9 (default, Aug 31 2020, 17:10:11) [MSC v.1916 64 bit (AMD64)]",
        "command_line_arguments": "C:\\Users\\Neel\\anaconda3\\envs\\ml-agents\\Scripts\\mlagents-learn Config/MyConfig.yaml --resume",
        "mlagents_version": "0.23.0",
        "mlagents_envs_version": "0.23.0",
        "communication_protocol_version": "1.3.0",
        "pytorch_version": "1.7.0+cu110",
        "numpy_version": "1.18.5",
        "end_time_seconds": "1613748662"
    },
    "total": 71.1737337,
    "count": 1,
    "self": 0.007201899999998318,
    "children": {
        "run_training.setup": {
            "total": 0.0309067999999999,
            "count": 1,
            "self": 0.0309067999999999
        },
        "TrainerController.start_learning": {
            "total": 71.135625,
            "count": 1,
            "self": 0.2958214000002215,
            "children": {
                "TrainerController._reset_env": {
                    "total": 8.1212421,
                    "count": 1,
                    "self": 8.1212421
                },
                "TrainerController.advance": {
                    "total": 62.56388749999979,
                    "count": 3914,
                    "self": 0.08586309999962793,
                    "children": {
                        "env_step": {
                            "total": 62.47802440000016,
                            "count": 3914,
                            "self": 56.62970040000022,
                            "children": {
                                "SubprocessEnvManager._take_step": {
                                    "total": 5.771798499999909,
                                    "count": 3914,
                                    "self": 0.2102089999998995,
                                    "children": {
                                        "TorchPolicy.evaluate": {
                                            "total": 5.561589500000009,
                                            "count": 1034,
                                            "self": 1.582281299999888,
                                            "children": {
                                                "TorchPolicy.sample_actions": {
                                                    "total": 3.979308200000121,
                                                    "count": 1034,
                                                    "self": 3.979308200000121
                                                }
                                            }
                                        }
                                    }
                                },
                                "workers": {
                                    "total": 0.07652550000003444,
                                    "count": 3913,
                                    "self": 0.0,
                                    "children": {
                                        "worker_root": {
                                            "total": 64.27124839999973,
                                            "count": 3913,
                                            "is_parallel": true,
                                            "self": 33.416331899999946,
                                            "children": {
                                                "steps_from_proto": {
                                                    "total": 0.0014503000000001265,
                                                    "count": 1,
                                                    "is_parallel": true,
                                                    "self": 0.0002450000000004948,
                                                    "children": {
                                                        "_process_vector_observation": {
                                                            "total": 0.0012052999999996317,
                                                            "count": 2,
                                                            "is_parallel": true,
                                                            "self": 0.0012052999999996317
                                                        }
                                                    }
                                                },
                                                "UnityEnvironment.step": {
                                                    "total": 30.853466199999787,
                                                    "count": 3913,
                                                    "is_parallel": true,
                                                    "self": 1.0779747000005777,
                                                    "children": {
                                                        "UnityEnvironment._generate_step_input": {
                                                            "total": 1.7868650999996074,
                                                            "count": 3913,
                                                            "is_parallel": true,
                                                            "self": 1.7868650999996074
                                                        },
                                                        "communicator.exchange": {
                                                            "total": 25.74367729999983,
                                                            "count": 3913,
                                                            "is_parallel": true,