{"cameraMode":{"drawMode":0,"name":"Shaded","section":"Shading Mode"},"sceneLighting":true,"audioPlay":false,"sceneViewState":{"showFog":true,"showMaterialUpdate":false,"showSkybox":true,"showFlares":true,"showImageEffects":true,"showParticleSystems":true,"showVisualEffectGraphs":true,"m_FxEnabled":true},"in2DMode":false,"pivot":{"x":1.2050142288208008,"y":4.429419040679932,"z":-0.08214539289474487},"rotation":{"x":0.005263365805149078,"y":-0.7123705148696899,"z":0.0053428406827151779,"w":0.7017641663551331},"size":7.0104522705078129,"orthographic":false}