{"cameraMode":{"drawMode":0,"name":"Shaded","section":"Shading Mode"},"sceneLighting":true,"audioPlay":false,"sceneViewState":{"showFog":true,"showMaterialUpdate":false,"showSkybox":true,"showFlares":true,"showImageEffects":true,"showParticleSystems":true,"showVisualEffectGraphs":true,"m_FxEnabled":true},"in2DMode":false,"pivot":{"x":498.31207275390627,"y":292.166748046875,"z":25.750167846679689},"rotation":{"x":-0.039297208189964297,"y":-0.011393445543944836,"z":0.00044803519267588854,"w":-0.9991624355316162},"size":583.9255981445313,"orthographic":false}