{"cameraMode":{"drawMode":0,"name":"Shaded","section":"Shading Mode"},"sceneLighting":true,"audioPlay":false,"sceneViewState":{"showFog":true,"showMaterialUpdate":false,"showSkybox":true,"showFlares":true,"showImageEffects":true,"showParticleSystems":true,"showVisualEffectGraphs":true,"m_FxEnabled":true},"in2DMode":false,"pivot":{"x":0.9242544174194336,"y":3.12436580657959,"z":14.54533576965332},"rotation":{"x":-0.0005921724950894713,"y":0.9991362690925598,"z":-0.015297725796699524,"w":-0.038684893399477008},"size":8.254096984863282,"orthographic":false}