{
    "name": "root",
    "gauges": {
        "MovementBehavior.Policy.Entropy.mean": {
            "value": 1.4381670951843262,
            "min": 1.4381670951843262,
            "max": 1.4473729133605957,
            "count": 6
        },
        "MovementBehavior.Environment.EpisodeLength.mean": {
            "value": 29.02528597230584,
            "min": 25.812456263121064,
            "max": 29.02528597230584,
            "count": 6
        },
        "MovementBehavior.Policy.ExtrinsicValueEstimate.mean": {
            "value": 0.8301258683204651,
            "min": 0.8293755054473877,
            "max": 0.8354493379592896,
            "count": 6
        },
        "MovementBehavior.Environment.CumulativeReward.mean": {
            "value": 0.9260226800184261,
            "min": 0.9256890680149251,
            "max": 0.934032566866287,
            "count": 6
        },
        "MovementBehavior.Policy.ExtrinsicReward.mean": {
            "value": 0.9260226800184261,
            "min": 0.9256890680149251,
            "max": 0.934032566866287,
            "count": 6
        },
        "MovementBehavior.Losses.PolicyLoss.mean": {
            "value": 0.023570878120760124,
            "min": 0.023032512050122023,
            "max": 0.02525306269681702,
            "count": 6
        },
        "MovementBehavior.Losses.ValueLoss.mean": {
            "value": 0.0008443862689697804,
            "min": 0.0007730207347776741,
            "max": 0.0012197325238958,
            "count": 6
        },
        "MovementBehavior.Policy.LearningRate.mean": {
            "value": 0.00020063695812102498,
            "min": 0.00020063695812102498,
            "max": 0.0002188405520531583,
            "count": 6
        },
        "MovementBehavior.Policy.Epsilon.mean": {
            "value": 0.16687897499999998,
            "min": 0.16687897499999998,
            "max": 0.1729468416666667,
            "count": 6
        },
        "MovementBehavior.Policy.Beta.mean": {
            "value": 0.0033472608524999998,
            "min": 0.0033472608524999998,
            "max": 0.003650047399166667,
            "count": 6
        },
        "MovementBehavior.IsTraining.mean": {
            "value": 1.0,
            "min": 1.0,
            "max": 1.0,
            "count": 6
        }
    },
    "metadata": {
        "timer_format_version": "0.1.0",
        "start_time_seconds": "1614786024",
        "python_version": "3.7.9 (default, Aug 31 2020, 17:10:11) [MSC v.1916 64 bit (AMD64)]",
        "command_line_arguments": "C:\\Users\\Neel\\anaconda3\\envs\\ml-agents\\Scripts\\mlagents-learn config/MyConfig.yaml --run-id training --resume",
        "mlagents_version": "0.23.0",
        "mlagents_envs_version": "0.23.0",
        "communication_protocol_version": "1.3.0",
        "pytorch_version": "1.7.0+cu110",
        "numpy_version": "1.18.5",
        "end_time_seconds": "1614786167"
    },
    "total": 142.1286894,
    "count": 1,
    "self": 0.007942900000017517,
    "children": {
        "run_training.setup": {
            "total": 0.0165867999999999,
            "count": 1,
            "self": 0.0165867999999999
        },
        "TrainerController.start_learning": {
            "total": 142.1041597,
            "count": 1,
            "self": 0.3093747999997447,
            "children": {
                "TrainerController._reset_env": {
                    "total": 21.5330698,
                    "count": 1,
                    "self": 21.5330698
                },
                "TrainerController.advance": {
                    "total": 120.07068920000026,
                    "count": 8878,
                    "self": 0.14764460000071722,
                    "children": {
                        "env_step": {
                            "total": 119.92304459999954,
                            "count": 8878,
                            "self": 105.00442419999874,
                            "children": {
                                "SubprocessEnvManager._take_step": {
                                    "total": 14.788400200000147,
                                    "count": 8878,
                                    "self": 0.45929610000032284,
                                    "children": {
                                        "TorchPolicy.evaluate": {
                                            "total": 14.329104099999824,
                                            "count": 2754,
                                            "self": 3.4522996999997524,
                                            "children": {
                                                "TorchPolicy.sample_actions": {
                                                    "total": 10.876804400000072,
                                                    "count": 2754,
                                                    "self": 10.876804400000072
                                                }
                                            }
                                        }
                                    }
                                },
                                "workers": {
                                    "total": 0.13022020000065382,
                                    "count": 8877,
                                    "self": 0.0,
                                    "children": {
                                        "worker_root": {
                                            "total": 121.36353239999903,
                                            "count": 8877,
                                            "is_parallel": true,
                                            "self": 63.059884399999405,
                                            "children": {
                                                "steps_from_proto": {
                                                    "total": 0.0013024000000001479,
                                                    "count": 1,
                                                    "is_parallel": true,
                                                    "self": 0.00020329999999901815,
                                                    "children": {
                                                        "_process_vector_observation": {
                                                            "total": 0.0010991000000011297,
                                                            "count": 2,
                                                            "is_parallel": true,
                                                            "self": 0.0010991000000011297
                                                        }
                                                    }
                                                },
                                                "UnityEnvironment.step": {
                                                    "total": 58.302345599999626,
                                                    "count": 8877,
                                                    "is_parallel": true,
                                                    "self": 1.9899023999989822,
                                                    "children": {
                                                        "UnityEnvironment._generate_step_input": {
                                                            "total": 4.1247182000002915,
                                                            "count": 8877,
                                                            "is_parallel": true,
                                                            "self": 4.1247182000002915
                                                        },
                                                        "communicator.exchange": {
                                                            "total": 47.82173380000048,
                                                            "count": 8877,