{"cameraMode":{"drawMode":0,"name":"Shaded","section":"Shading Mode"},"sceneLighting":true,"audioPlay":false,"sceneViewState":{"showFog":true,"showMaterialUpdate":false,"showSkybox":true,"showFlares":true,"showImageEffects":true,"showParticleSystems":true,"showVisualEffectGraphs":true,"m_FxEnabled":true},"in2DMode":false,"pivot":{"x":597.3018188476563,"y":338.9004821777344,"z":-21.3797607421875},"rotation":{"x":0.013808763585984707,"y":0.0074942936189472679,"z":-0.00010495474271010607,"w":0.9998789429664612},"size":302.8537902832031,"orthographic":false}